<metadata xml:lang="en"><Esri><CreaDate>20240414</CreaDate><CreaTime>20164500</CreaTime><ArcGISFormat>1.0</ArcGISFormat><SyncOnce>FALSE</SyncOnce><DataProperties><itemProps><itemName Sync="TRUE">cbus_sheltered_stops</itemName><imsContentType Sync="TRUE">002</imsContentType><itemLocation><linkage Sync="TRUE">file://\\CHUCK\C$\Users\cbrit\Documents\GEOG5223\Final\Transit_Analysis_Tool_r1\Vector Data\(Point) columbus_sheltered_stops\cbus_sheltered_stops.shp</linkage><protocol Sync="TRUE">Local Area Network</protocol></itemLocation><itemSize Sync="TRUE">0.000</itemSize></itemProps><coordRef><type Sync="TRUE">Projected</type><geogcsn Sync="TRUE">GCS_North_American_1983</geogcsn><csUnits Sync="TRUE">Linear Unit: Meter (1.000000)</csUnits><peXml Sync="TRUE">&lt;ProjectedCoordinateSystem xsi:type='typens:ProjectedCoordinateSystem' xmlns:xsi='http://www.w3.org/2001/XMLSchema-instance' xmlns:xs='http://www.w3.org/2001/XMLSchema' xmlns:typens='http://www.esri.com/schemas/ArcGIS/3.2.0'&gt;&lt;WKT&gt;PROJCS[&amp;quot;NAD_1983_UTM_Zone_17N&amp;quot;,GEOGCS[&amp;quot;GCS_North_American_1983&amp;quot;,DATUM[&amp;quot;D_North_American_1983&amp;quot;,SPHEROID[&amp;quot;GRS_1980&amp;quot;,6378137.0,298.257222101]],PRIMEM[&amp;quot;Greenwich&amp;quot;,0.0],UNIT[&amp;quot;Degree&amp;quot;,0.0174532925199433]],PROJECTION[&amp;quot;Transverse_Mercator&amp;quot;],PARAMETER[&amp;quot;False_Easting&amp;quot;,500000.0],PARAMETER[&amp;quot;False_Northing&amp;quot;,0.0],PARAMETER[&amp;quot;Central_Meridian&amp;quot;,-81.0],PARAMETER[&amp;quot;Scale_Factor&amp;quot;,0.9996],PARAMETER[&amp;quot;Latitude_Of_Origin&amp;quot;,0.0],UNIT[&amp;quot;Meter&amp;quot;,1.0],AUTHORITY[&amp;quot;EPSG&amp;quot;,26917]]&lt;/WKT&gt;&lt;XOrigin&gt;-5120900&lt;/XOrigin&gt;&lt;YOrigin&gt;-9998100&lt;/YOrigin&gt;&lt;XYScale&gt;450445547.3910538&lt;/XYScale&gt;&lt;ZOrigin&gt;-100000&lt;/ZOrigin&gt;&lt;ZScale&gt;10000&lt;/ZScale&gt;&lt;MOrigin&gt;-100000&lt;/MOrigin&gt;&lt;MScale&gt;10000&lt;/MScale&gt;&lt;XYTolerance&gt;0.001&lt;/XYTolerance&gt;&lt;ZTolerance&gt;0.001&lt;/ZTolerance&gt;&lt;MTolerance&gt;0.001&lt;/MTolerance&gt;&lt;HighPrecision&gt;true&lt;/HighPrecision&gt;&lt;WKID&gt;26917&lt;/WKID&gt;&lt;LatestWKID&gt;26917&lt;/LatestWKID&gt;&lt;/ProjectedCoordinateSystem&gt;</peXml><projcsn Sync="TRUE">NAD_1983_UTM_Zone_17N</projcsn></coordRef><lineage><Process ToolSource="c:\users\cbrit\appdata\local\programs\arcgis\pro\Resources\ArcToolbox\toolboxes\Conversion Tools.tbx\ExportFeatures" Date="20240414" Time="194316">ExportFeatures "COTA Stops\Stops_2023_09" "C:\Users\cbrit\Documents\GEOG5223\Quiz 1\Quiz 1.gdb\sheltered_stops_2023" # NOT_USE_ALIAS "StopId "Stop ID" true true false 0 Long 0 0,First,#,COTA Stops\Stops_2023_09,StopId,-1,-1;StopAbbr "Stop Abbr" true true false 8000 Text 0 0,First,#,COTA Stops\Stops_2023_09,StopAbbr,0,7999;StopName "StopName" true true false 8000 Text 0 0,First,#,COTA Stops\Stops_2023_09,StopName,0,7999;OnStreet "OnStreet" true true false 8000 Text 0 0,First,#,COTA Stops\Stops_2023_09,OnStreet,0,7999;AtStreet "AtStreet" true true false 8000 Text 0 0,First,#,COTA Stops\Stops_2023_09,AtStreet,0,7999;Shelter "Shelter" true true false 8000 Text 0 0,First,#,COTA Stops\Stops_2023_09,Shelter,0,7999;Lighting "Lighting Type" true true false 8000 Text 0 0,First,#,COTA Stops\Stops_2023_09,Lighting,0,7999;Garbage "Garbage" true true false 8000 Text 0 0,First,#,COTA Stops\Stops_2023_09,Garbage,0,7999;Lines__ "Lines Served" true true false 8000 Text 0 0,First,#,COTA Stops\Stops_2023_09,Lines__,0,7999;Ons_2023_01_ "Onboardings January 2023 Trimester" true true false 0 Long 0 0,First,#,COTA Stops\Stops_2023_09,Ons_2023_01_,-1,-1;Offs_2023_01_ "Alightings January 2023 Trimester" true true false 0 Long 0 0,First,#,COTA Stops\Stops_2023_09,Offs_2023_01_,-1,-1;Ons_2022_09 "Onboardings September 2022 Trimeter" true true false 0 Long 0 0,First,#,COTA Stops\Stops_2023_09,Ons_2022_09,-1,-1;Offs_2022_09 "Alightings September 2022 Trimester" true true false 0 Long 0 0,First,#,COTA Stops\Stops_2023_09,Offs_2022_09,-1,-1;Ons_2022_05 "Onboardings May 2022 Trimester" true true false 0 Long 0 0,First,#,COTA Stops\Stops_2023_09,Ons_2022_05,-1,-1;Offs_2022_05 "Alightings May 2022 Trimester" true true false 0 Long 0 0,First,#,COTA Stops\Stops_2023_09,Offs_2022_05,-1,-1;Jurisdiction "Jurisdiction" true true false 256 Text 0 0,First,#,COTA Stops\Stops_2023_09,Jurisdiction,0,255;Ons_2023_05 "Onboardings May 2023 Trimester" true true false 0 Long 0 0,First,#,COTA Stops\Stops_2023_09,Ons_2023_05,-1,-1;Offs_2023_05 "Alightings May 2023 Trimester" true true false 0 Long 0 0,First,#,COTA Stops\Stops_2023_09,Offs_2023_05,-1,-1;Ons_2023_09 "Onboardings September 2023 Trimester" true true false 0 Long 0 0,First,#,COTA Stops\Stops_2023_09,Ons_2023_09,-1,-1;Offs_2023_09 "Alightings September 2023 Trimester" true true false 0 Long 0 0,First,#,COTA Stops\Stops_2023_09,Offs_2023_09,-1,-1;Amenity_Owner "Amenity_Owner" true true false 50 Text 0 0,First,#,COTA Stops\Stops_2023_09,Amenity_Owner,0,49" #</Process><Process ToolSource="c:\users\cbrit\appdata\local\programs\arcgis\pro\Resources\ArcToolbox\toolboxes\Conversion Tools.tbx\ExportFeatures" Date="20240414" Time="194541">ExportFeatures "C:\Users\cbrit\Documents\GEOG5223\Quiz 1\Quiz 1.gdb\sheltered_stops_2023" C:\Users\cbrit\Documents\GEOG5223\sheltered_stops_2023.shp # NOT_USE_ALIAS "StopId "Stop ID" true true false 4 Long 0 0,First,#,C:\Users\cbrit\Documents\GEOG5223\Quiz 1\Quiz 1.gdb\sheltered_stops_2023,StopId,-1,-1;StopAbbr "Stop Abbr" true true false 8000 Text 0 0,First,#,C:\Users\cbrit\Documents\GEOG5223\Quiz 1\Quiz 1.gdb\sheltered_stops_2023,StopAbbr,0,7999;StopName "StopName" true true false 8000 Text 0 0,First,#,C:\Users\cbrit\Documents\GEOG5223\Quiz 1\Quiz 1.gdb\sheltered_stops_2023,StopName,0,7999;OnStreet "OnStreet" true true false 8000 Text 0 0,First,#,C:\Users\cbrit\Documents\GEOG5223\Quiz 1\Quiz 1.gdb\sheltered_stops_2023,OnStreet,0,7999;AtStreet "AtStreet" true true false 8000 Text 0 0,First,#,C:\Users\cbrit\Documents\GEOG5223\Quiz 1\Quiz 1.gdb\sheltered_stops_2023,AtStreet,0,7999;Shelter "Shelter" true true false 8000 Text 0 0,First,#,C:\Users\cbrit\Documents\GEOG5223\Quiz 1\Quiz 1.gdb\sheltered_stops_2023,Shelter,0,7999;Lighting "Lighting Type" true true false 8000 Text 0 0,First,#,C:\Users\cbrit\Documents\GEOG5223\Quiz 1\Quiz 1.gdb\sheltered_stops_2023,Lighting,0,7999;Garbage "Garbage" true true false 8000 Text 0 0,First,#,C:\Users\cbrit\Documents\GEOG5223\Quiz 1\Quiz 1.gdb\sheltered_stops_2023,Garbage,0,7999;Lines__ "Lines Served" true true false 8000 Text 0 0,First,#,C:\Users\cbrit\Documents\GEOG5223\Quiz 1\Quiz 1.gdb\sheltered_stops_2023,Lines__,0,7999;Ons_2023_01_ "Onboardings January 2023 Trimester" true true false 4 Long 0 0,First,#,C:\Users\cbrit\Documents\GEOG5223\Quiz 1\Quiz 1.gdb\sheltered_stops_2023,Ons_2023_01_,-1,-1;Offs_2023_01_ "Alightings January 2023 Trimester" true true false 4 Long 0 0,First,#,C:\Users\cbrit\Documents\GEOG5223\Quiz 1\Quiz 1.gdb\sheltered_stops_2023,Offs_2023_01_,-1,-1;Ons_2022_09 "Onboardings September 2022 Trimeter" true true false 4 Long 0 0,First,#,C:\Users\cbrit\Documents\GEOG5223\Quiz 1\Quiz 1.gdb\sheltered_stops_2023,Ons_2022_09,-1,-1;Offs_2022_09 "Alightings September 2022 Trimester" true true false 4 Long 0 0,First,#,C:\Users\cbrit\Documents\GEOG5223\Quiz 1\Quiz 1.gdb\sheltered_stops_2023,Offs_2022_09,-1,-1;Ons_2022_05 "Onboardings May 2022 Trimester" true true false 4 Long 0 0,First,#,C:\Users\cbrit\Documents\GEOG5223\Quiz 1\Quiz 1.gdb\sheltered_stops_2023,Ons_2022_05,-1,-1;Offs_2022_05 "Alightings May 2022 Trimester" true true false 4 Long 0 0,First,#,C:\Users\cbrit\Documents\GEOG5223\Quiz 1\Quiz 1.gdb\sheltered_stops_2023,Offs_2022_05,-1,-1;Jurisdiction "Jurisdiction" true true false 256 Text 0 0,First,#,C:\Users\cbrit\Documents\GEOG5223\Quiz 1\Quiz 1.gdb\sheltered_stops_2023,Jurisdiction,0,255;Ons_2023_05 "Onboardings May 2023 Trimester" true true false 4 Long 0 0,First,#,C:\Users\cbrit\Documents\GEOG5223\Quiz 1\Quiz 1.gdb\sheltered_stops_2023,Ons_2023_05,-1,-1;Offs_2023_05 "Alightings May 2023 Trimester" true true false 4 Long 0 0,First,#,C:\Users\cbrit\Documents\GEOG5223\Quiz 1\Quiz 1.gdb\sheltered_stops_2023,Offs_2023_05,-1,-1;Ons_2023_09 "Onboardings September 2023 Trimester" true true false 4 Long 0 0,First,#,C:\Users\cbrit\Documents\GEOG5223\Quiz 1\Quiz 1.gdb\sheltered_stops_2023,Ons_2023_09,-1,-1;Offs_2023_09 "Alightings September 2023 Trimester" true true false 4 Long 0 0,First,#,C:\Users\cbrit\Documents\GEOG5223\Quiz 1\Quiz 1.gdb\sheltered_stops_2023,Offs_2023_09,-1,-1;Amenity_Owner "Amenity_Owner" true true false 50 Text 0 0,First,#,C:\Users\cbrit\Documents\GEOG5223\Quiz 1\Quiz 1.gdb\sheltered_stops_2023,Amenity_Owner,0,49" #</Process><Process ToolSource="c:\users\cbrit\appdata\local\programs\arcgis\pro\Resources\ArcToolbox\toolboxes\Data Management Tools.tbx\Project" Date="20240414" Time="201645">Project sheltered_stops_2023 "C:\Users\cbrit\Documents\GEOG5223\Quiz 1\Quiz 1.gdb\sheltered_stops_2023_Project" PROJCS["NAD_1983_UTM_Zone_17N",GEOGCS["GCS_North_American_1983",DATUM["D_North_American_1983",SPHEROID["GRS_1980",6378137.0,298.257222101]],PRIMEM["Greenwich",0.0],UNIT["Degree",0.0174532925199433]],PROJECTION["Transverse_Mercator"],PARAMETER["False_Easting",500000.0],PARAMETER["False_Northing",0.0],PARAMETER["Central_Meridian",-81.0],PARAMETER["Scale_Factor",0.9996],PARAMETER["Latitude_Of_Origin",0.0],UNIT["Meter",1.0]] WGS_1984_(ITRF00)_To_NAD_1983 GEOGCS["GCS_WGS_1984",DATUM["D_WGS_1984",SPHEROID["WGS_1984",6378137.0,298.257223563]],PRIMEM["Greenwich",0.0],UNIT["Degree",0.0174532925199433]] NO_PRESERVE_SHAPE # NO_VERTICAL</Process><Process ToolSource="c:\users\cbrit\appdata\local\programs\arcgis\pro\Resources\ArcToolbox\toolboxes\Conversion Tools.tbx\ExportFeatures" Date="20240414" Time="201855">ExportFeatures "C:\Users\cbrit\Documents\GEOG5223\Quiz 1\Quiz 1.gdb\sheltered_stops_2023_Project" "C:\Users\cbrit\Documents\GEOG5223\Final\Transit_Analysis_Tool_r1\Vector Data\(Point) columbus_sheltered_stops\cbus_sheltered_stops.shp" # NOT_USE_ALIAS "StopId "StopId" true true false 4 Long 0 0,First,#,C:\Users\cbrit\Documents\GEOG5223\Quiz 1\Quiz 1.gdb\sheltered_stops_2023_Project,StopId,-1,-1;StopAbbr "StopAbbr" true true false 254 Text 0 0,First,#,C:\Users\cbrit\Documents\GEOG5223\Quiz 1\Quiz 1.gdb\sheltered_stops_2023_Project,StopAbbr,0,253;StopName "StopName" true true false 254 Text 0 0,First,#,C:\Users\cbrit\Documents\GEOG5223\Quiz 1\Quiz 1.gdb\sheltered_stops_2023_Project,StopName,0,253;OnStreet "OnStreet" true true false 254 Text 0 0,First,#,C:\Users\cbrit\Documents\GEOG5223\Quiz 1\Quiz 1.gdb\sheltered_stops_2023_Project,OnStreet,0,253;AtStreet "AtStreet" true true false 254 Text 0 0,First,#,C:\Users\cbrit\Documents\GEOG5223\Quiz 1\Quiz 1.gdb\sheltered_stops_2023_Project,AtStreet,0,253;Shelter "Shelter" true true false 254 Text 0 0,First,#,C:\Users\cbrit\Documents\GEOG5223\Quiz 1\Quiz 1.gdb\sheltered_stops_2023_Project,Shelter,0,253;Lighting "Lighting" true true false 254 Text 0 0,First,#,C:\Users\cbrit\Documents\GEOG5223\Quiz 1\Quiz 1.gdb\sheltered_stops_2023_Project,Lighting,0,253;Garbage "Garbage" true true false 254 Text 0 0,First,#,C:\Users\cbrit\Documents\GEOG5223\Quiz 1\Quiz 1.gdb\sheltered_stops_2023_Project,Garbage,0,253;Lines__ "Lines__" true true false 254 Text 0 0,First,#,C:\Users\cbrit\Documents\GEOG5223\Quiz 1\Quiz 1.gdb\sheltered_stops_2023_Project,Lines__,0,253;Ons_2023_0 "Ons_2023_0" true true false 4 Long 0 0,First,#,C:\Users\cbrit\Documents\GEOG5223\Quiz 1\Quiz 1.gdb\sheltered_stops_2023_Project,Ons_2023_0,-1,-1;Offs_2023_ "Offs_2023_" true true false 4 Long 0 0,First,#,C:\Users\cbrit\Documents\GEOG5223\Quiz 1\Quiz 1.gdb\sheltered_stops_2023_Project,Offs_2023_,-1,-1;Ons_2022_0 "Ons_2022_0" true true false 4 Long 0 0,First,#,C:\Users\cbrit\Documents\GEOG5223\Quiz 1\Quiz 1.gdb\sheltered_stops_2023_Project,Ons_2022_0,-1,-1;Offs_2022_ "Offs_2022_" true true false 4 Long 0 0,First,#,C:\Users\cbrit\Documents\GEOG5223\Quiz 1\Quiz 1.gdb\sheltered_stops_2023_Project,Offs_2022_,-1,-1;Ons_2022_1 "Ons_2022_1" true true false 4 Long 0 0,First,#,C:\Users\cbrit\Documents\GEOG5223\Quiz 1\Quiz 1.gdb\sheltered_stops_2023_Project,Ons_2022_1,-1,-1;Offs_20221 "Offs_20221" true true false 4 Long 0 0,First,#,C:\Users\cbrit\Documents\GEOG5223\Quiz 1\Quiz 1.gdb\sheltered_stops_2023_Project,Offs_20221,-1,-1;Jurisdicti "Jurisdicti" true true false 254 Text 0 0,First,#,C:\Users\cbrit\Documents\GEOG5223\Quiz 1\Quiz 1.gdb\sheltered_stops_2023_Project,Jurisdicti,0,253;Ons_2023_1 "Ons_2023_1" true true false 4 Long 0 0,First,#,C:\Users\cbrit\Documents\GEOG5223\Quiz 1\Quiz 1.gdb\sheltered_stops_2023_Project,Ons_2023_1,-1,-1;Offs_20231 "Offs_20231" true true false 4 Long 0 0,First,#,C:\Users\cbrit\Documents\GEOG5223\Quiz 1\Quiz 1.gdb\sheltered_stops_2023_Project,Offs_20231,-1,-1;Ons_2023_2 "Ons_2023_2" true true false 4 Long 0 0,First,#,C:\Users\cbrit\Documents\GEOG5223\Quiz 1\Quiz 1.gdb\sheltered_stops_2023_Project,Ons_2023_2,-1,-1;Offs_20232 "Offs_20232" true true false 4 Long 0 0,First,#,C:\Users\cbrit\Documents\GEOG5223\Quiz 1\Quiz 1.gdb\sheltered_stops_2023_Project,Offs_20232,-1,-1;Amenity_Ow "Amenity_Ow" true true false 50 Text 0 0,First,#,C:\Users\cbrit\Documents\GEOG5223\Quiz 1\Quiz 1.gdb\sheltered_stops_2023_Project,Amenity_Ow,0,49" #</Process></lineage></DataProperties><SyncDate>20240414</SyncDate><SyncTime>20185400</SyncTime><ModDate>20240414</ModDate><ModTime>20185400</ModTime></Esri><dataIdInfo><envirDesc Sync="TRUE">Microsoft Windows 10 Version 10.0 (Build 22631) ; Esri ArcGIS 13.2.0.49743</envirDesc><dataLang><languageCode value="eng" Sync="TRUE"></languageCode><countryCode value="USA" Sync="TRUE"></countryCode></dataLang><idCitation><resTitle Sync="TRUE">cbus_sheltered_stops</resTitle><presForm><PresFormCd value="005" Sync="TRUE"></PresFormCd></presForm></idCitation><spatRpType><SpatRepTypCd value="001" Sync="TRUE"></SpatRepTypCd></spatRpType></dataIdInfo><mdLang><languageCode value="eng" Sync="TRUE"></languageCode><countryCode value="USA" Sync="TRUE"></countryCode></mdLang><distInfo><distFormat><formatName Sync="TRUE">Shapefile</formatName></distFormat><distTranOps><transSize Sync="TRUE">0.000</transSize></distTranOps></distInfo><mdHrLv><ScopeCd value="005" Sync="TRUE"></ScopeCd></mdHrLv><mdHrLvName Sync="TRUE">dataset</mdHrLvName><refSysInfo><RefSystem><refSysID><identCode code="26917" Sync="TRUE"></identCode><idCodeSpace Sync="TRUE">EPSG</idCodeSpace><idVersion Sync="TRUE">6.11(3.0.1)</idVersion></refSysID></RefSystem></refSysInfo><spatRepInfo><VectSpatRep><geometObjs Name="cbus_sheltered_stops"><geoObjTyp><GeoObjTypCd value="004" Sync="TRUE"></GeoObjTypCd></geoObjTyp><geoObjCnt Sync="TRUE">0</geoObjCnt></geometObjs><topLvl><TopoLevCd value="001" Sync="TRUE"></TopoLevCd></topLvl></VectSpatRep></spatRepInfo><spdoinfo><ptvctinf><esriterm Name="cbus_sheltered_stops"><efeatyp Sync="TRUE">Simple</efeatyp><efeageom code="1" Sync="TRUE"></efeageom><esritopo Sync="TRUE">FALSE</esritopo><efeacnt Sync="TRUE">0</efeacnt><spindex Sync="TRUE">FALSE</spindex><linrefer Sync="TRUE">FALSE</linrefer></esriterm></ptvctinf></spdoinfo><eainfo><detailed Name="cbus_sheltered_stops"><enttyp><enttypl Sync="TRUE">cbus_sheltered_stops</enttypl><enttypt Sync="TRUE">Feature Class</enttypt><enttypc Sync="TRUE">0</enttypc></enttyp><attr><attrlabl Sync="TRUE">FID</attrlabl><attalias Sync="TRUE">FID</attalias><attrtype Sync="TRUE">OID</attrtype><attwidth Sync="TRUE">4</attwidth><atprecis Sync="TRUE">0</atprecis><attscale Sync="TRUE">0</attscale><attrdef Sync="TRUE">Internal feature number.</attrdef><attrdefs Sync="TRUE">Esri</attrdefs><attrdomv><udom Sync="TRUE">Sequential unique whole numbers that are automatically generated.</udom></attrdomv></attr><attr><attrlabl Sync="TRUE">Shape</attrlabl><attalias Sync="TRUE">Shape</attalias><attrtype Sync="TRUE">Geometry</attrtype><attwidth Sync="TRUE">0</attwidth><atprecis Sync="TRUE">0</atprecis><attscale Sync="TRUE">0</attscale><attrdef Sync="TRUE">Feature geometry.</attrdef><attrdefs Sync="TRUE">Esri</attrdefs><attrdomv><udom Sync="TRUE">Coordinates defining the features.</udom></attrdomv></attr><attr><attrlabl Sync="TRUE">StopId</attrlabl><attalias Sync="TRUE">StopId</attalias><attrtype Sync="TRUE">Integer</attrtype><attwidth Sync="TRUE">10</attwidth><atprecis Sync="TRUE">10</atprecis><attscale Sync="TRUE">0</attscale></attr><attr><attrlabl Sync="TRUE">StopAbbr</attrlabl><attalias Sync="TRUE">StopAbbr</attalias><attrtype Sync="TRUE">String</attrtype><attwidth Sync="TRUE">254</attwidth><atprecis Sync="TRUE">0</atprecis><attscale Sync="TRUE">0</attscale></attr><attr><attrlabl Sync="TRUE">StopName</attrlabl><attalias Sync="TRUE">StopName</attalias><attrtype Sync="TRUE">String</attrtype><attwidth Sync="TRUE">254</attwidth><atprecis Sync="TRUE">0</atprecis><attscale Sync="TRUE">0</attscale></attr><attr><attrlabl Sync="TRUE">OnStreet</attrlabl><attalias Sync="TRUE">OnStreet</attalias><attrtype Sync="TRUE">String</attrtype><attwidth Sync="TRUE">254</attwidth><atprecis Sync="TRUE">0</atprecis><attscale Sync="TRUE">0</attscale></attr><attr><attrlabl Sync="TRUE">AtStreet</attrlabl><attalias Sync="TRUE">AtStreet</attalias><attrtype Sync="TRUE">String</attrtype><attwidth Sync="TRUE">254</attwidth><atprecis Sync="TRUE">0</atprecis><attscale Sync="TRUE">0</attscale></attr><attr><attrlabl Sync="TRUE">Shelter</attrlabl><attalias Sync="TRUE">Shelter</attalias><attrtype Sync="TRUE">String</attrtype><attwidth Sync="TRUE">254</attwidth><atprecis Sync="TRUE">0</atprecis><attscale Sync="TRUE">0</attscale></attr><attr><attrlabl Sync="TRUE">Lighting</attrlabl><attalias Sync="TRUE">Lighting</attalias><attrtype Sync="TRUE">String</attrtype><attwidth Sync="TRUE">254</attwidth><atprecis Sync="TRUE">0</atprecis><attscale Sync="TRUE">0</attscale></attr><attr><attrlabl Sync="TRUE">Garbage</attrlabl><attalias Sync="TRUE">Garbage</attalias><attrtype Sync="TRUE">String</attrtype><attwidth Sync="TRUE">254</attwidth><atprecis Sync="TRUE">0</atprecis><attscale Sync="TRUE">0</attscale></attr><attr><attrlabl Sync="TRUE">Lines__</attrlabl><attalias Sync="TRUE">Lines__</attalias><attrtype Sync="TRUE">String</attrtype><attwidth Sync="TRUE">254</attwidth><atprecis Sync="TRUE">0</atprecis><attscale Sync="TRUE">0</attscale></attr><attr><attrlabl Sync="TRUE">Ons_2023_0</attrlabl><attalias Sync="TRUE">Ons_2023_0</attalias><attrtype Sync="TRUE">Integer</attrtype><attwidth Sync="TRUE">10</attwidth><atprecis Sync="TRUE">10</atprecis><attscale Sync="TRUE">0</attscale></attr><attr><attrlabl Sync="TRUE">Offs_2023_</attrlabl><attalias Sync="TRUE">Offs_2023_</attalias><attrtype Sync="TRUE">Integer</attrtype><attwidth Sync="TRUE">10</attwidth><atprecis Sync="TRUE">10</atprecis><attscale Sync="TRUE">0</attscale></attr><attr><attrlabl Sync="TRUE">Ons_2022_0</attrlabl><attalias Sync="TRUE">Ons_2022_0</attalias><attrtype Sync="TRUE">Integer</attrtype><attwidth Sync="TRUE">10</attwidth><atprecis Sync="TRUE">10</atprecis><attscale Sync="TRUE">0</attscale></attr><attr><attrlabl Sync="TRUE">Offs_2022_</attrlabl><attalias Sync="TRUE">Offs_2022_</attalias><attrtype Sync="TRUE">Integer</attrtype><attwidth Sync="TRUE">10</attwidth><atprecis Sync="TRUE">10</atprecis><attscale Sync="TRUE">0</attscale></attr><attr><attrlabl Sync="TRUE">Ons_2022_1</attrlabl><attalias Sync="TRUE">Ons_2022_1</attalias><attrtype Sync="TRUE">Integer</attrtype><attwidth Sync="TRUE">10</attwidth><atprecis Sync="TRUE">10</atprecis><attscale Sync="TRUE">0</attscale></attr><attr><attrlabl Sync="TRUE">Offs_20221</attrlabl><attalias Sync="TRUE">Offs_20221</attalias><attrtype Sync="TRUE">Integer</attrtype><attwidth Sync="TRUE">10</attwidth><atprecis Sync="TRUE">10</atprecis><attscale Sync="TRUE">0</attscale></attr><attr><attrlabl Sync="TRUE">Jurisdicti</attrlabl><attalias Sync="TRUE">Jurisdicti</attalias><attrtype Sync="TRUE">String</attrtype><attwidth Sync="TRUE">254</attwidth><atprecis Sync="TRUE">0</atprecis><attscale Sync="TRUE">0</attscale></attr><attr><attrlabl Sync="TRUE">Ons_2023_1</attrlabl><attalias Sync="TRUE">Ons_2023_1</attalias><attrtype Sync="TRUE">Integer</attrtype><attwidth Sync="TRUE">10</attwidth><atprecis Sync="TRUE">10</atprecis><attscale Sync="TRUE">0</attscale></attr><attr><attrlabl Sync="TRUE">Offs_20231</attrlabl><attalias Sync="TRUE">Offs_20231</attalias><attrtype Sync="TRUE">Integer</attrtype><attwidth Sync="TRUE">10</attwidth><atprecis Sync="TRUE">10</atprecis><attscale Sync="TRUE">0</attscale></attr><attr><attrlabl Sync="TRUE">Ons_2023_2</attrlabl><attalias Sync="TRUE">Ons_2023_2</attalias><attrtype Sync="TRUE">Integer</attrtype><attwidth Sync="TRUE">10</attwidth><atprecis Sync="TRUE">10</atprecis><attscale Sync="TRUE">0</attscale></attr><attr><attrlabl Sync="TRUE">Offs_20232</attrlabl><attalias Sync="TRUE">Offs_20232</attalias><attrtype Sync="TRUE">Integer</attrtype><attwidth Sync="TRUE">10</attwidth><atprecis Sync="TRUE">10</atprecis><attscale Sync="TRUE">0</attscale></attr><attr><attrlabl Sync="TRUE">Amenity_Ow</attrlabl><attalias Sync="TRUE">Amenity_Ow</attalias><attrtype Sync="TRUE">String</attrtype><attwidth Sync="TRUE">50</attwidth><atprecis Sync="TRUE">0</atprecis><attscale Sync="TRUE">0</attscale></attr></detailed></eainfo><mdDateSt Sync="TRUE">20240414</mdDateSt></metadata>
