<metadata xml:lang="en"><Esri><CreaDate>20230906</CreaDate><CreaTime>12272200</CreaTime><ArcGISFormat>1.0</ArcGISFormat><SyncOnce>FALSE</SyncOnce><DataProperties><itemProps><itemName Sync="TRUE">sheltered_stops_2023</itemName><imsContentType Sync="TRUE">002</imsContentType><itemLocation><linkage Sync="TRUE">file://\\CHUCK\C$\Users\cbrit\Documents\GEOG5223\sheltered_stops_2023.shp</linkage><protocol Sync="TRUE">Local Area Network</protocol></itemLocation><itemSize Sync="TRUE">0.000</itemSize></itemProps><coordRef><type Sync="TRUE">Geographic</type><geogcsn Sync="TRUE">GCS_WGS_1984</geogcsn><csUnits Sync="TRUE">Angular Unit: Degree (0.017453)</csUnits><peXml Sync="TRUE">&lt;GeographicCoordinateSystem xsi:type='typens:GeographicCoordinateSystem' xmlns:xsi='http://www.w3.org/2001/XMLSchema-instance' xmlns:xs='http://www.w3.org/2001/XMLSchema' xmlns:typens='http://www.esri.com/schemas/ArcGIS/3.2.0'&gt;&lt;WKT&gt;GEOGCS[&amp;quot;GCS_WGS_1984&amp;quot;,DATUM[&amp;quot;D_WGS_1984&amp;quot;,SPHEROID[&amp;quot;WGS_1984&amp;quot;,6378137.0,298.257223563]],PRIMEM[&amp;quot;Greenwich&amp;quot;,0.0],UNIT[&amp;quot;Degree&amp;quot;,0.0174532925199433],AUTHORITY[&amp;quot;EPSG&amp;quot;,4326]]&lt;/WKT&gt;&lt;XOrigin&gt;-400&lt;/XOrigin&gt;&lt;YOrigin&gt;-400&lt;/YOrigin&gt;&lt;XYScale&gt;11258999068426.238&lt;/XYScale&gt;&lt;ZOrigin&gt;-100000&lt;/ZOrigin&gt;&lt;ZScale&gt;10000&lt;/ZScale&gt;&lt;MOrigin&gt;-100000&lt;/MOrigin&gt;&lt;MScale&gt;10000&lt;/MScale&gt;&lt;XYTolerance&gt;8.983152841195215e-09&lt;/XYTolerance&gt;&lt;ZTolerance&gt;0.001&lt;/ZTolerance&gt;&lt;MTolerance&gt;0.001&lt;/MTolerance&gt;&lt;HighPrecision&gt;true&lt;/HighPrecision&gt;&lt;LeftLongitude&gt;-180&lt;/LeftLongitude&gt;&lt;WKID&gt;4326&lt;/WKID&gt;&lt;LatestWKID&gt;4326&lt;/LatestWKID&gt;&lt;/GeographicCoordinateSystem&gt;</peXml></coordRef><lineage><Process ToolSource="c:\users\cbrit\appdata\local\programs\arcgis\pro\Resources\ArcToolbox\toolboxes\Conversion Tools.tbx\ExportFeatures" Date="20240414" Time="194316">ExportFeatures "COTA Stops\Stops_2023_09" "C:\Users\cbrit\Documents\GEOG5223\Quiz 1\Quiz 1.gdb\sheltered_stops_2023" # NOT_USE_ALIAS "StopId "Stop ID" true true false 0 Long 0 0,First,#,COTA Stops\Stops_2023_09,StopId,-1,-1;StopAbbr "Stop Abbr" true true false 8000 Text 0 0,First,#,COTA Stops\Stops_2023_09,StopAbbr,0,7999;StopName "StopName" true true false 8000 Text 0 0,First,#,COTA Stops\Stops_2023_09,StopName,0,7999;OnStreet "OnStreet" true true false 8000 Text 0 0,First,#,COTA Stops\Stops_2023_09,OnStreet,0,7999;AtStreet "AtStreet" true true false 8000 Text 0 0,First,#,COTA Stops\Stops_2023_09,AtStreet,0,7999;Shelter "Shelter" true true false 8000 Text 0 0,First,#,COTA Stops\Stops_2023_09,Shelter,0,7999;Lighting "Lighting Type" true true false 8000 Text 0 0,First,#,COTA Stops\Stops_2023_09,Lighting,0,7999;Garbage "Garbage" true true false 8000 Text 0 0,First,#,COTA Stops\Stops_2023_09,Garbage,0,7999;Lines__ "Lines Served" true true false 8000 Text 0 0,First,#,COTA Stops\Stops_2023_09,Lines__,0,7999;Ons_2023_01_ "Onboardings January 2023 Trimester" true true false 0 Long 0 0,First,#,COTA Stops\Stops_2023_09,Ons_2023_01_,-1,-1;Offs_2023_01_ "Alightings January 2023 Trimester" true true false 0 Long 0 0,First,#,COTA Stops\Stops_2023_09,Offs_2023_01_,-1,-1;Ons_2022_09 "Onboardings September 2022 Trimeter" true true false 0 Long 0 0,First,#,COTA Stops\Stops_2023_09,Ons_2022_09,-1,-1;Offs_2022_09 "Alightings September 2022 Trimester" true true false 0 Long 0 0,First,#,COTA Stops\Stops_2023_09,Offs_2022_09,-1,-1;Ons_2022_05 "Onboardings May 2022 Trimester" true true false 0 Long 0 0,First,#,COTA Stops\Stops_2023_09,Ons_2022_05,-1,-1;Offs_2022_05 "Alightings May 2022 Trimester" true true false 0 Long 0 0,First,#,COTA Stops\Stops_2023_09,Offs_2022_05,-1,-1;Jurisdiction "Jurisdiction" true true false 256 Text 0 0,First,#,COTA Stops\Stops_2023_09,Jurisdiction,0,255;Ons_2023_05 "Onboardings May 2023 Trimester" true true false 0 Long 0 0,First,#,COTA Stops\Stops_2023_09,Ons_2023_05,-1,-1;Offs_2023_05 "Alightings May 2023 Trimester" true true false 0 Long 0 0,First,#,COTA Stops\Stops_2023_09,Offs_2023_05,-1,-1;Ons_2023_09 "Onboardings September 2023 Trimester" true true false 0 Long 0 0,First,#,COTA Stops\Stops_2023_09,Ons_2023_09,-1,-1;Offs_2023_09 "Alightings September 2023 Trimester" true true false 0 Long 0 0,First,#,COTA Stops\Stops_2023_09,Offs_2023_09,-1,-1;Amenity_Owner "Amenity_Owner" true true false 50 Text 0 0,First,#,COTA Stops\Stops_2023_09,Amenity_Owner,0,49" #</Process><Process ToolSource="c:\users\cbrit\appdata\local\programs\arcgis\pro\Resources\ArcToolbox\toolboxes\Conversion Tools.tbx\ExportFeatures" Date="20240414" Time="194541">ExportFeatures "C:\Users\cbrit\Documents\GEOG5223\Quiz 1\Quiz 1.gdb\sheltered_stops_2023" C:\Users\cbrit\Documents\GEOG5223\sheltered_stops_2023.shp # NOT_USE_ALIAS "StopId "Stop ID" true true false 4 Long 0 0,First,#,C:\Users\cbrit\Documents\GEOG5223\Quiz 1\Quiz 1.gdb\sheltered_stops_2023,StopId,-1,-1;StopAbbr "Stop Abbr" true true false 8000 Text 0 0,First,#,C:\Users\cbrit\Documents\GEOG5223\Quiz 1\Quiz 1.gdb\sheltered_stops_2023,StopAbbr,0,7999;StopName "StopName" true true false 8000 Text 0 0,First,#,C:\Users\cbrit\Documents\GEOG5223\Quiz 1\Quiz 1.gdb\sheltered_stops_2023,StopName,0,7999;OnStreet "OnStreet" true true false 8000 Text 0 0,First,#,C:\Users\cbrit\Documents\GEOG5223\Quiz 1\Quiz 1.gdb\sheltered_stops_2023,OnStreet,0,7999;AtStreet "AtStreet" true true false 8000 Text 0 0,First,#,C:\Users\cbrit\Documents\GEOG5223\Quiz 1\Quiz 1.gdb\sheltered_stops_2023,AtStreet,0,7999;Shelter "Shelter" true true false 8000 Text 0 0,First,#,C:\Users\cbrit\Documents\GEOG5223\Quiz 1\Quiz 1.gdb\sheltered_stops_2023,Shelter,0,7999;Lighting "Lighting Type" true true false 8000 Text 0 0,First,#,C:\Users\cbrit\Documents\GEOG5223\Quiz 1\Quiz 1.gdb\sheltered_stops_2023,Lighting,0,7999;Garbage "Garbage" true true false 8000 Text 0 0,First,#,C:\Users\cbrit\Documents\GEOG5223\Quiz 1\Quiz 1.gdb\sheltered_stops_2023,Garbage,0,7999;Lines__ "Lines Served" true true false 8000 Text 0 0,First,#,C:\Users\cbrit\Documents\GEOG5223\Quiz 1\Quiz 1.gdb\sheltered_stops_2023,Lines__,0,7999;Ons_2023_01_ "Onboardings January 2023 Trimester" true true false 4 Long 0 0,First,#,C:\Users\cbrit\Documents\GEOG5223\Quiz 1\Quiz 1.gdb\sheltered_stops_2023,Ons_2023_01_,-1,-1;Offs_2023_01_ "Alightings January 2023 Trimester" true true false 4 Long 0 0,First,#,C:\Users\cbrit\Documents\GEOG5223\Quiz 1\Quiz 1.gdb\sheltered_stops_2023,Offs_2023_01_,-1,-1;Ons_2022_09 "Onboardings September 2022 Trimeter" true true false 4 Long 0 0,First,#,C:\Users\cbrit\Documents\GEOG5223\Quiz 1\Quiz 1.gdb\sheltered_stops_2023,Ons_2022_09,-1,-1;Offs_2022_09 "Alightings September 2022 Trimester" true true false 4 Long 0 0,First,#,C:\Users\cbrit\Documents\GEOG5223\Quiz 1\Quiz 1.gdb\sheltered_stops_2023,Offs_2022_09,-1,-1;Ons_2022_05 "Onboardings May 2022 Trimester" true true false 4 Long 0 0,First,#,C:\Users\cbrit\Documents\GEOG5223\Quiz 1\Quiz 1.gdb\sheltered_stops_2023,Ons_2022_05,-1,-1;Offs_2022_05 "Alightings May 2022 Trimester" true true false 4 Long 0 0,First,#,C:\Users\cbrit\Documents\GEOG5223\Quiz 1\Quiz 1.gdb\sheltered_stops_2023,Offs_2022_05,-1,-1;Jurisdiction "Jurisdiction" true true false 256 Text 0 0,First,#,C:\Users\cbrit\Documents\GEOG5223\Quiz 1\Quiz 1.gdb\sheltered_stops_2023,Jurisdiction,0,255;Ons_2023_05 "Onboardings May 2023 Trimester" true true false 4 Long 0 0,First,#,C:\Users\cbrit\Documents\GEOG5223\Quiz 1\Quiz 1.gdb\sheltered_stops_2023,Ons_2023_05,-1,-1;Offs_2023_05 "Alightings May 2023 Trimester" true true false 4 Long 0 0,First,#,C:\Users\cbrit\Documents\GEOG5223\Quiz 1\Quiz 1.gdb\sheltered_stops_2023,Offs_2023_05,-1,-1;Ons_2023_09 "Onboardings September 2023 Trimester" true true false 4 Long 0 0,First,#,C:\Users\cbrit\Documents\GEOG5223\Quiz 1\Quiz 1.gdb\sheltered_stops_2023,Ons_2023_09,-1,-1;Offs_2023_09 "Alightings September 2023 Trimester" true true false 4 Long 0 0,First,#,C:\Users\cbrit\Documents\GEOG5223\Quiz 1\Quiz 1.gdb\sheltered_stops_2023,Offs_2023_09,-1,-1;Amenity_Owner "Amenity_Owner" true true false 50 Text 0 0,First,#,C:\Users\cbrit\Documents\GEOG5223\Quiz 1\Quiz 1.gdb\sheltered_stops_2023,Amenity_Owner,0,49" #</Process></lineage></DataProperties><SyncDate>20240414</SyncDate><SyncTime>19454100</SyncTime><ModDate>20240414</ModDate><ModTime>19454100</ModTime></Esri><dataIdInfo><envirDesc Sync="TRUE">Microsoft Windows 10 Version 10.0 (Build 22631) ; Esri ArcGIS 13.2.0.49743</envirDesc><dataLang><languageCode value="eng" Sync="TRUE"></languageCode><countryCode value="USA" Sync="TRUE"></countryCode></dataLang><idCitation><resTitle Sync="TRUE">sheltered_stops_2023</resTitle><presForm><PresFormCd value="005" Sync="TRUE"></PresFormCd></presForm></idCitation><spatRpType><SpatRepTypCd value="001" Sync="TRUE"></SpatRepTypCd></spatRpType></dataIdInfo><mdLang><languageCode value="eng" Sync="TRUE"></languageCode><countryCode value="USA" Sync="TRUE"></countryCode></mdLang><distInfo><distFormat><formatName Sync="TRUE">Shapefile</formatName></distFormat><distTranOps><transSize Sync="TRUE">0.000</transSize></distTranOps></distInfo><mdHrLv><ScopeCd value="005" Sync="TRUE"></ScopeCd></mdHrLv><mdHrLvName Sync="TRUE">dataset</mdHrLvName><refSysInfo><RefSystem><refSysID><identCode code="4326" Sync="TRUE"></identCode><idCodeSpace Sync="TRUE">EPSG</idCodeSpace><idVersion Sync="TRUE">6.2(3.0.1)</idVersion></refSysID></RefSystem></refSysInfo><spatRepInfo><VectSpatRep><geometObjs Name="sheltered_stops_2023"><geoObjTyp><GeoObjTypCd value="004" Sync="TRUE"></GeoObjTypCd></geoObjTyp><geoObjCnt Sync="TRUE">0</geoObjCnt></geometObjs><topLvl><TopoLevCd value="001" Sync="TRUE"></TopoLevCd></topLvl></VectSpatRep></spatRepInfo><spdoinfo><ptvctinf><esriterm Name="sheltered_stops_2023"><efeatyp Sync="TRUE">Simple</efeatyp><efeageom code="1" Sync="TRUE"></efeageom><esritopo Sync="TRUE">FALSE</esritopo><efeacnt Sync="TRUE">0</efeacnt><spindex Sync="TRUE">FALSE</spindex><linrefer Sync="TRUE">FALSE</linrefer></esriterm></ptvctinf></spdoinfo><eainfo><detailed Name="sheltered_stops_2023"><enttyp><enttypl Sync="TRUE">sheltered_stops_2023</enttypl><enttypt Sync="TRUE">Feature Class</enttypt><enttypc Sync="TRUE">0</enttypc></enttyp><attr><attrlabl Sync="TRUE">FID</attrlabl><attalias Sync="TRUE">FID</attalias><attrtype Sync="TRUE">OID</attrtype><attwidth Sync="TRUE">4</attwidth><atprecis Sync="TRUE">0</atprecis><attscale Sync="TRUE">0</attscale><attrdef Sync="TRUE">Internal feature number.</attrdef><attrdefs Sync="TRUE">Esri</attrdefs><attrdomv><udom Sync="TRUE">Sequential unique whole numbers that are automatically generated.</udom></attrdomv></attr><attr><attrlabl Sync="TRUE">Shape</attrlabl><attalias Sync="TRUE">Shape</attalias><attrtype Sync="TRUE">Geometry</attrtype><attwidth Sync="TRUE">0</attwidth><atprecis Sync="TRUE">0</atprecis><attscale Sync="TRUE">0</attscale><attrdef Sync="TRUE">Feature geometry.</attrdef><attrdefs Sync="TRUE">Esri</attrdefs><attrdomv><udom Sync="TRUE">Coordinates defining the features.</udom></attrdomv></attr><attr><attrlabl Sync="TRUE">StopId</attrlabl><attalias Sync="TRUE">StopId</attalias><attrtype Sync="TRUE">Integer</attrtype><attwidth Sync="TRUE">10</attwidth><atprecis Sync="TRUE">10</atprecis><attscale Sync="TRUE">0</attscale></attr><attr><attrlabl Sync="TRUE">StopAbbr</attrlabl><attalias Sync="TRUE">StopAbbr</attalias><attrtype Sync="TRUE">String</attrtype><attwidth Sync="TRUE">254</attwidth><atprecis Sync="TRUE">0</atprecis><attscale Sync="TRUE">0</attscale></attr><attr><attrlabl Sync="TRUE">StopName</attrlabl><attalias Sync="TRUE">StopName</attalias><attrtype Sync="TRUE">String</attrtype><attwidth Sync="TRUE">254</attwidth><atprecis Sync="TRUE">0</atprecis><attscale Sync="TRUE">0</attscale></attr><attr><attrlabl Sync="TRUE">OnStreet</attrlabl><attalias Sync="TRUE">OnStreet</attalias><attrtype Sync="TRUE">String</attrtype><attwidth Sync="TRUE">254</attwidth><atprecis Sync="TRUE">0</atprecis><attscale Sync="TRUE">0</attscale></attr><attr><attrlabl Sync="TRUE">AtStreet</attrlabl><attalias Sync="TRUE">AtStreet</attalias><attrtype Sync="TRUE">String</attrtype><attwidth Sync="TRUE">254</attwidth><atprecis Sync="TRUE">0</atprecis><attscale Sync="TRUE">0</attscale></attr><attr><attrlabl Sync="TRUE">Shelter</attrlabl><attalias Sync="TRUE">Shelter</attalias><attrtype Sync="TRUE">String</attrtype><attwidth Sync="TRUE">254</attwidth><atprecis Sync="TRUE">0</atprecis><attscale Sync="TRUE">0</attscale></attr><attr><attrlabl Sync="TRUE">Lighting</attrlabl><attalias Sync="TRUE">Lighting</attalias><attrtype Sync="TRUE">String</attrtype><attwidth Sync="TRUE">254</attwidth><atprecis Sync="TRUE">0</atprecis><attscale Sync="TRUE">0</attscale></attr><attr><attrlabl Sync="TRUE">Garbage</attrlabl><attalias Sync="TRUE">Garbage</attalias><attrtype Sync="TRUE">String</attrtype><attwidth Sync="TRUE">254</attwidth><atprecis Sync="TRUE">0</atprecis><attscale Sync="TRUE">0</attscale></attr><attr><attrlabl Sync="TRUE">Lines__</attrlabl><attalias Sync="TRUE">Lines__</attalias><attrtype Sync="TRUE">String</attrtype><attwidth Sync="TRUE">254</attwidth><atprecis Sync="TRUE">0</atprecis><attscale Sync="TRUE">0</attscale></attr><attr><attrlabl Sync="TRUE">Ons_2023_0</attrlabl><attalias Sync="TRUE">Ons_2023_0</attalias><attrtype Sync="TRUE">Integer</attrtype><attwidth Sync="TRUE">10</attwidth><atprecis Sync="TRUE">10</atprecis><attscale Sync="TRUE">0</attscale></attr><attr><attrlabl Sync="TRUE">Offs_2023_</attrlabl><attalias Sync="TRUE">Offs_2023_</attalias><attrtype Sync="TRUE">Integer</attrtype><attwidth Sync="TRUE">10</attwidth><atprecis Sync="TRUE">10</atprecis><attscale Sync="TRUE">0</attscale></attr><attr><attrlabl Sync="TRUE">Ons_2022_0</attrlabl><attalias Sync="TRUE">Ons_2022_0</attalias><attrtype Sync="TRUE">Integer</attrtype><attwidth Sync="TRUE">10</attwidth><atprecis Sync="TRUE">10</atprecis><attscale Sync="TRUE">0</attscale></attr><attr><attrlabl Sync="TRUE">Offs_2022_</attrlabl><attalias Sync="TRUE">Offs_2022_</attalias><attrtype Sync="TRUE">Integer</attrtype><attwidth Sync="TRUE">10</attwidth><atprecis Sync="TRUE">10</atprecis><attscale Sync="TRUE">0</attscale></attr><attr><attrlabl Sync="TRUE">Ons_2022_1</attrlabl><attalias Sync="TRUE">Ons_2022_1</attalias><attrtype Sync="TRUE">Integer</attrtype><attwidth Sync="TRUE">10</attwidth><atprecis Sync="TRUE">10</atprecis><attscale Sync="TRUE">0</attscale></attr><attr><attrlabl Sync="TRUE">Offs_20221</attrlabl><attalias Sync="TRUE">Offs_20221</attalias><attrtype Sync="TRUE">Integer</attrtype><attwidth Sync="TRUE">10</attwidth><atprecis Sync="TRUE">10</atprecis><attscale Sync="TRUE">0</attscale></attr><attr><attrlabl Sync="TRUE">Jurisdicti</attrlabl><attalias Sync="TRUE">Jurisdicti</attalias><attrtype Sync="TRUE">String</attrtype><attwidth Sync="TRUE">254</attwidth><atprecis Sync="TRUE">0</atprecis><attscale Sync="TRUE">0</attscale></attr><attr><attrlabl Sync="TRUE">Ons_2023_1</attrlabl><attalias Sync="TRUE">Ons_2023_1</attalias><attrtype Sync="TRUE">Integer</attrtype><attwidth Sync="TRUE">10</attwidth><atprecis Sync="TRUE">10</atprecis><attscale Sync="TRUE">0</attscale></attr><attr><attrlabl Sync="TRUE">Offs_20231</attrlabl><attalias Sync="TRUE">Offs_20231</attalias><attrtype Sync="TRUE">Integer</attrtype><attwidth Sync="TRUE">10</attwidth><atprecis Sync="TRUE">10</atprecis><attscale Sync="TRUE">0</attscale></attr><attr><attrlabl Sync="TRUE">Ons_2023_2</attrlabl><attalias Sync="TRUE">Ons_2023_2</attalias><attrtype Sync="TRUE">Integer</attrtype><attwidth Sync="TRUE">10</attwidth><atprecis Sync="TRUE">10</atprecis><attscale Sync="TRUE">0</attscale></attr><attr><attrlabl Sync="TRUE">Offs_20232</attrlabl><attalias Sync="TRUE">Offs_20232</attalias><attrtype Sync="TRUE">Integer</attrtype><attwidth Sync="TRUE">10</attwidth><atprecis Sync="TRUE">10</atprecis><attscale Sync="TRUE">0</attscale></attr><attr><attrlabl Sync="TRUE">Amenity_Ow</attrlabl><attalias Sync="TRUE">Amenity_Ow</attalias><attrtype Sync="TRUE">String</attrtype><attwidth Sync="TRUE">50</attwidth><atprecis Sync="TRUE">0</atprecis><attscale Sync="TRUE">0</attscale></attr></detailed></eainfo><mdDateSt Sync="TRUE">20240414</mdDateSt></metadata>
